activity_date,Activity Type,elapsed_time_sec,distance_km,max_hr,relative_effort,moving_time_sec,max_speed,avg_speed_MS,elevation_gain,elevation_loss,Elevation Low,Elevation High,Max Grade,Average Grade,max_cadence,avg_cadence,avg_hr,Calories,Grade Adjusted Distance,Average Elapsed Speed,Dirt Distance,Total Steps,Training Load,Intensity,gap
2026-07-16 13:00:41,Run,2352,7.43,,,2335.0,6.8,3.182,0.0,3.2,177.4,180.7,5.2,0.0,,,,725.0,7432.7,3.159,238.3,,,,3.183
2026-07-14 23:20:06,Run,4421,8.68,173.0,60.0,2833.0,6.32,3.067,10.2,10.6,177.1,181.0,5.6,0.0,84.0,78.0,149.0,757.0,8703.2,1.965,2943.4,7604.0,425.0,186.0,3.072
2026-07-11 15:21:04,Run,1662,5.38,173.0,47.0,1649.0,4.44,3.263,35.0,62.0,173.4,203.4,19.3,-0.5,115.0,80.0,154.0,399.0,5440.9,3.238,246.3,4394.0,209.0,213.0,3.3
2026-07-09 22:27:32,Run,4029,12.88,185.0,183.0,3970.0,11.3,3.245,99.0,100.0,174.8,190.6,17.3,0.0,108.0,79.0,167.0,1007.0,13163.1,3.197,1013.8,10432.0,508.0,213.0,3.316
2026-07-08 23:29:40,Run,1429,3.75,154.0,18.0,1381.0,6.42,2.721,45.0,38.0,172.4,193.2,24.4,0.2,82.0,74.0,138.0,278.0,3929.3,2.63,8.2,3440.0,125.0,178.0,2.845
2026-07-07 23:18:36,Run,4179,8.44,172.0,45.0,2850.0,6.8,2.963,347.0,351.0,-79.0,197.6,48.5,-0.2,114.0,78.0,142.0,694.0,8821.0,2.021,2705.5,7684.0,376.0,180.0,3.095
2026-07-04 15:30:58,Run,1933,5.99,165.0,44.0,1904.0,7.06,3.147,41.0,35.0,178.4,192.2,16.5,0.1,102.0,79.0,150.0,443.0,6113.7,3.1,0.0,5002.0,368.0,262.0,3.211
2026-07-02 13:51:22,Run,2627,8.24,186.0,116.0,2509.0,4.46,3.284,80.0,78.0,169.0,193.4,32.2,0.0,117.0,79.0,167.0,654.0,8514.5,3.137,1136.9,6574.0,627.0,293.0,3.394
2026-07-01 23:28:43,Run,1652,4.85,179.0,67.0,1559.0,6.64,3.116,41.0,40.0,188.0,198.4,23.1,0.0,81.0,78.0,165.0,387.0,5014.8,2.94,704.6,4180.0,275.0,245.0,3.217
2026-06-30 23:21:52,Run,4505,8.45,170.0,63.0,2947.0,7.634,2.869,177.0,188.0,74.8,238.8,49.8,-0.4,89.0,77.0,148.0,743.0,9058.0,1.877,2944.9,7566.0,606.0,220.0,3.074
2026-06-27 14:19:35,Run,5979,16.53,173.0,123.0,5443.0,10.98,3.037,206.0,209.0,171.2,208.2,46.3,0.0,114.0,76.0,149.0,1233.0,17341.4,2.765,0.0,13514.0,1064.0,253.0,3.186
2026-06-25 13:54:23,Run,3947,12.83,185.0,195.0,3890.0,4.56,3.299,138.0,134.0,165.0,194.2,37.1,0.0,83.0,79.0,170.0,1002.0,13081.9,3.251,4893.1,10306.0,,,3.363
2026-06-24 23:23:37,Run,1969,4.10,160.0,13.0,1967.0,5.02,2.088,87.0,100.0,178.6,220.4,36.4,-0.5,116.0,77.0,117.0,327.0,4540.1,2.086,7.8,4668.0,234.0,207.0,2.308
2026-06-23 23:37:51,Run,1757,4.06,134.0,6.0,1757.0,2.94,2.313,28.0,17.0,216.8,237.8,12.0,0.3,81.0,78.0,123.0,257.0,4164.9,2.313,0.0,4582.0,183.0,194.0,2.37
2026-06-17 23:21:03,Run,1933,4.82,145.0,11.0,1793.0,6.98,2.692,42.0,38.0,169.2,193.6,18.0,0.1,82.0,78.0,132.0,360.0,4953.0,2.497,6.0,4716.0,286.0,231.0,2.762
2026-06-16 23:20:05,Run,3528,8.05,171.0,44.0,2761.0,8.86,2.917,67.0,62.0,181.6,203.0,49.5,0.0,92.0,78.0,144.0,671.0,8353.5,2.283,2945.1,7328.0,613.0,250.0,3.026
2026-06-13 13:27:55,Run,3295,5.75,179.0,19.0,2190.0,7.86,2.629,77.0,62.0,174.6,199.8,28.9,0.3,100.0,73.0,131.0,493.0,6032.1,1.747,1475.0,5402.0,471.0,227.0,2.754
2026-06-09 23:27:29,Run,3010,7.90,173.0,95.0,2729.0,4.96,2.895,56.0,59.0,125.2,185.0,22.2,0.0,83.0,79.0,161.0,687.0,8095.3,2.625,1909.7,7356.0,534.0,253.0,2.966
2026-06-07 12:07:05,Run,6271,21.39,199.0,412.0,6265.0,5.38,3.415,123.0,111.0,171.2,187.6,14.7,0.1,123.0,80.0,180.0,1716.0,21697.2,3.412,0.0,16700.0,1590.0,302.0,3.463
2026-06-06 14:10:57,Run,1912,4.74,166.0,37.0,1700.0,5.38,2.793,51.0,50.0,176.8,198.0,30.8,0.0,82.0,79.0,150.0,421.0,4931.9,2.484,0.0,4668.0,285.0,232.0,2.901
2026-06-04 00:19:03,Run,3637,7.90,173.0,53.0,2650.0,5.96,2.981,86.0,87.0,177.0,201.4,40.9,0.0,112.0,79.0,148.0,700.0,8249.3,2.172,0.0,7060.0,534.0,230.0,3.113
2026-06-04 00:00:50,Run,119,0.04,164.0,0.0,10.0,3.74,4.05,0.0,0.0,178.8,187.0,47.8,20.2,83.0,82.0,157.0,2.0,55.0,0.34,0.0,24.0,0.0,67.0,5.5
2026-06-02 23:26:46,Run,3112,8.03,168.0,58.0,2694.0,6.355,2.983,52.0,48.0,179.8,200.6,47.1,0.0,121.0,79.0,149.0,649.0,8245.1,2.582,2942.8,7160.0,592.0,262.0,3.061
2026-05-28 23:24:03,Run,2162,5.73,174.0,36.0,1866.0,7.564,3.071,54.0,33.0,164.0,185.2,49.4,0.3,123.0,79.0,144.0,456.0,5976.7,2.651,0.0,4818.0,402.0,259.0,3.203
2026-05-27 23:24:10,Run,4733,8.67,184.0,75.0,3046.0,9.94,2.846,92.0,57.0,158.6,203.2,35.3,0.4,123.0,78.0,153.0,681.0,8965.5,1.832,850.1,7718.0,624.0,263.0,2.943
2026-05-26 23:28:32,Run,2953,8.17,169.0,69.0,2649.0,7.28,3.086,45.0,59.0,177.8,201.8,41.7,-0.2,83.0,78.0,153.0,661.0,8337.1,2.769,2942.8,6996.0,555.0,260.0,3.147
2026-05-12 23:28:45,Run,2703,8.13,170.0,68.0,2557.0,5.1,3.18,63.0,49.0,170.8,190.2,23.8,0.2,108.0,79.0,153.0,635.0,8381.7,3.008,2950.9,6736.0,597.0,282.0,3.278
2026-05-07 00:53:53,Run,1102,3.41,174.0,39.0,1075.0,8.64,3.177,30.0,11.0,167.0,190.2,19.8,0.6,109.0,79.0,163.0,265.0,3567.3,3.1,0.0,2858.0,247.0,284.0,3.318
2026-05-06 23:32:31,Run,1690,4.66,174.0,36.0,1649.0,7.2,2.831,30.0,28.0,181.6,191.0,21.9,0.1,83.0,79.0,150.0,366.0,4763.3,2.762,0.0,4404.0,263.0,237.0,2.889
2026-04-30 23:04:57,Run,3141,10.08,185.0,110.0,3120.0,4.94,3.232,105.0,78.0,158.0,201.0,37.1,0.3,86.0,80.0,160.0,777.0,10399.4,3.21,459.9,8274.0,796.0,302.0,3.333
2026-04-28 23:22:17,Run,3103,8.37,164.0,47.0,2698.0,11.52,3.104,59.0,71.0,173.6,204.0,34.6,-0.1,88.0,77.0,144.0,624.0,8595.9,2.699,2939.2,7102.0,604.0,265.0,3.186
2026-04-25 14:10:24,Run,8247,21.91,175.0,187.0,7615.0,6.04,2.878,207.0,213.0,158.2,212.4,46.2,0.0,87.0,80.0,151.0,1748.0,22529.2,2.658,7394.3,20450.0,1464.0,253.0,2.959
2026-04-21 23:25:55,Run,2915,8.15,175.0,74.0,2591.0,7.58,3.147,48.0,49.0,174.6,188.0,32.0,0.0,113.0,79.0,156.0,663.0,8368.5,2.797,2953.0,6896.0,551.0,261.0,3.23
2026-04-15 23:36:06,Run,3987,12.84,193.0,236.0,3919.0,5.94,3.276,127.0,112.0,169.2,195.0,38.4,0.1,114.0,78.0,178.0,1062.0,13293.5,3.22,638.7,10290.0,971.0,296.0,3.392
2026-04-14 23:20:14,Run,3894,7.49,168.0,53.0,2634.0,8.86,2.846,60.0,74.0,136.2,582.2,48.5,-0.2,87.0,76.0,146.0,657.0,7781.9,1.925,2501.0,6870.0,553.0,226.0,2.954
2026-04-07 23:25:22,Run,2751,7.17,163.0,33.0,2449.0,6.98,2.93,81.0,66.0,171.6,207.0,28.6,0.2,111.0,79.0,142.0,560.0,7431.4,2.608,2485.5,6532.0,488.0,253.0,3.034
2026-03-31 23:22:37,Run,2801,7.06,159.0,38.0,2477.0,6.36,2.853,63.0,46.0,168.0,200.4,49.5,0.3,118.0,79.0,143.0,562.0,7310.1,2.523,2484.2,6576.0,494.0,252.0,2.951
2026-03-28 14:08:54,Run,5159,14.65,177.0,135.0,5150.0,5.72,2.846,119.0,115.0,176.2,203.8,45.2,0.0,84.0,81.0,153.0,1156.0,14924.4,2.841,0.0,13952.0,903.0,251.0,2.898
2026-03-25 23:27:24,Run,1896,4.84,186.0,26.0,1713.0,6.44,2.829,33.0,17.0,170.8,187.4,17.2,0.3,87.0,79.0,143.0,375.0,4994.0,2.556,11.0,4502.0,291.0,235.0,2.915
2026-03-24 23:21:02,Run,3068,7.12,177.0,43.0,2482.0,6.28,2.871,66.0,44.0,163.0,202.2,22.4,0.3,107.0,80.0,145.0,572.0,7369.8,2.323,2504.5,6714.0,524.0,248.0,2.969
2026-03-18 23:30:14,Run,2111,4.85,174.0,19.0,1787.0,8.44,2.717,55.0,27.0,161.6,193.0,14.6,0.5,83.0,80.0,140.0,384.0,5038.4,2.3,0.0,4848.0,275.0,217.0,2.819
2026-03-12 23:36:16,Run,4844,10.15,172.0,59.0,4412.0,7.22,2.301,105.0,101.0,170.6,197.4,48.7,0.1,117.0,81.0,146.0,834.0,10702.6,2.095,0.0,8852.0,866.0,261.0,2.426
2026-03-10 23:24:18,Run,282,0.60,159.0,1.0,208.0,5.54,2.887,45.0,4.0,180.2,225.8,44.4,6.6,87.0,78.0,124.0,47.0,854.8,2.129,0.0,552.0,76.0,311.0,4.11
2026-03-05 00:25:48,Run,1999,4.76,151.0,17.0,1765.0,5.88,2.697,68.0,35.0,145.6,191.2,48.7,0.7,98.0,79.0,137.0,387.0,4991.3,2.381,10.0,4684.0,288.0,228.0,2.828
2026-03-04 00:26:47,Run,2752,6.98,149.0,26.0,2600.0,4.98,2.685,81.0,45.0,149.4,191.0,49.1,0.6,82.0,79.0,139.0,553.0,7278.4,2.537,2473.1,6910.0,465.0,247.0,2.799
2026-02-27 00:29:06,Run,1918,6.35,180.0,77.0,1909.0,10.96,3.328,61.0,42.0,157.0,196.8,20.0,0.3,86.0,79.0,163.0,485.0,6563.4,3.312,456.2,4980.0,476.0,299.0,3.438
2026-02-18 00:24:48,Run,2889,7.09,165.0,37.0,2618.0,7.08,2.71,79.0,72.0,166.0,202.8,37.0,0.1,80.0,78.0,142.0,579.0,7375.4,2.456,2479.4,6816.0,470.0,242.0,2.817
2026-02-11 00:25:14,Run,3226,8.20,166.0,31.0,2959.0,5.36,2.771,141.0,123.0,166.6,241.8,48.1,0.3,117.0,78.0,140.0,636.0,8846.0,2.542,2948.8,7752.0,638.0,267.0,2.99
2026-02-04 00:24:38,Run,3345,8.21,160.0,28.0,3089.0,4.88,2.657,285.0,229.0,145.0,248.0,49.0,0.7,82.0,78.0,138.0,646.0,9584.6,2.454,2947.8,7990.0,815.0,296.0,3.103
2026-01-28 00:29:25,Run,2766,8.21,180.0,76.0,2704.0,4.18,3.037,133.0,71.0,130.8,195.4,41.4,0.7,84.0,79.0,156.0,654.0,8668.0,2.969,5770.0,7094.0,544.0,266.0,3.206
2026-01-21 01:26:43,Run,2842,6.69,159.0,22.0,2189.0,5.16,3.059,100.0,51.0,-12.0,67.6,43.1,0.7,118.0,77.0,136.0,521.0,7254.9,2.357,278.6,5700.0,542.0,262.0,3.314
2026-01-15 23:42:55,Run,1806,5.35,178.0,67.0,1756.0,4.28,3.048,61.0,78.0,179.4,212.0,47.6,-0.3,118.0,79.0,161.0,436.0,5565.0,2.963,1151.0,4606.0,410.0,286.0,3.169
2026-01-14 00:44:04,Run,2440,8.15,182.0,107.0,2428.0,6.92,3.36,66.0,43.0,157.2,190.6,21.4,0.3,109.0,80.0,166.0,623.0,8419.9,3.343,2945.7,6532.0,594.0,296.0,3.468
2026-01-07 00:24:34,Run,3197,8.13,156.0,29.0,2880.0,6.54,2.824,57.0,45.0,167.4,197.2,25.7,0.2,83.0,79.0,139.0,631.0,8350.4,2.544,2947.5,7654.0,546.0,248.0,2.899
2026-01-01 19:33:20,Run,2887,8.49,183.0,118.0,2880.0,5.7,2.95,80.0,52.0,166.2,206.0,29.7,0.3,120.0,78.0,165.0,699.0,8763.7,2.942,1485.2,7496.0,590.0,271.0,3.043
2025-12-31 00:27:53,Run,2528,7.00,159.0,36.0,2435.0,6.56,2.877,77.0,40.0,145.8,191.4,48.4,0.6,114.0,80.0,144.0,542.0,7309.2,2.771,2475.5,6534.0,456.0,255.0,3.002
2025-12-26 00:29:45,Run,2639,9.04,184.0,99.0,2623.0,7.86,3.449,81.0,49.0,152.8,193.4,26.3,0.4,87.0,80.0,162.0,673.0,9343.8,3.428,461.8,6946.0,708.0,311.0,3.562
2025-12-24 00:27:15,Run,2744,6.94,152.0,21.0,2571.0,4.14,2.701,68.0,38.0,147.2,183.8,40.0,0.4,84.0,78.0,137.0,547.0,7259.1,2.531,2469.5,6646.0,421.0,235.0,2.823
2025-12-17 00:25:42,Run,2663,7.07,154.0,34.0,2517.0,5.58,2.811,90.0,75.0,162.4,196.0,45.5,0.2,114.0,79.0,142.0,552.0,7407.1,2.657,2485.1,6584.0,455.0,248.0,2.943
2025-12-10 00:25:51,Run,2782,8.22,169.0,61.0,2642.0,5.56,3.114,102.0,59.0,147.4,192.2,47.9,0.5,85.0,78.0,151.0,640.0,8574.4,2.957,2949.3,6872.0,607.0,280.0,3.245
2025-12-05 00:21:58,Run,2222,6.49,176.0,55.0,2186.0,5.88,2.972,70.0,29.0,145.8,193.0,41.0,0.7,85.0,80.0,152.0,514.0,6798.2,2.924,432.7,5856.0,449.0,270.0,3.11
2025-12-03 00:33:51,Run,2695,8.11,184.0,119.0,2611.0,9.34,3.107,119.0,97.0,159.4,206.4,45.8,0.2,108.0,79.0,167.0,677.0,8468.4,3.011,2945.9,6848.0,588.0,280.0,3.243
2025-11-27 21:28:04,Run,2126,6.43,171.0,46.0,2106.0,11.067,3.054,80.0,49.0,156.6,199.0,42.1,0.5,81.0,78.0,149.0,495.0,6743.9,3.026,457.0,5488.0,463.0,280.0,3.202
2025-11-26 00:24:01,Run,2968,7.12,150.0,12.0,2551.0,5.2,2.793,54.0,51.0,177.6,202.6,49.6,0.1,114.0,76.0,129.0,550.0,7352.0,2.401,2484.9,6498.0,459.0,236.0,2.882
2025-11-14 00:08:43,Run,2542,8.44,183.0,86.0,2531.0,4.84,3.338,62.0,34.0,156.8,189.2,21.1,0.3,100.0,78.0,160.0,643.0,8676.3,3.323,2632.3,6568.0,623.0,297.0,3.428
2025-11-10 23:55:19,Run,2680,7.24,151.0,20.0,2527.0,5.36,2.865,37.0,41.0,23.0,38.8,39.6,-0.1,90.0,77.0,135.0,532.0,7396.3,2.701,0.0,6180.0,488.0,256.0,2.927
2025-11-05 00:25:23,Run,3008,8.15,177.0,55.0,2708.0,9.9,3.01,49.0,41.0,171.6,193.8,48.9,0.1,113.0,78.0,149.0,642.0,8336.4,2.71,2945.7,7128.0,548.0,256.0,3.078
2025-10-29 23:19:53,Run,4147,14.13,183.0,149.0,4138.0,6.28,3.416,140.0,133.0,180.4,198.8,38.0,0.0,110.0,79.0,161.0,1062.0,14717.8,3.408,1460.7,10940.0,1121.0,312.0,3.557
2025-10-28 23:23:33,Run,2863,7.09,150.0,22.0,2467.0,5.62,2.876,58.0,62.0,177.4,206.2,40.0,0.0,110.0,77.0,137.0,550.0,7373.2,2.478,2493.7,6400.0,466.0,242.0,2.989
2025-10-25 23:02:16,Run,1874,5.22,161.0,22.0,1847.0,5.36,2.829,42.0,17.0,156.6,185.2,20.8,0.5,82.0,77.0,142.0,405.0,5391.8,2.788,295.5,4792.0,340.0,256.0,2.919
2025-10-22 23:02:32,Run,1227,3.31,144.0,9.0,1227.0,3.2,2.702,14.0,6.0,170.6,185.4,18.0,0.2,79.0,77.0,137.0,257.0,3386.2,2.702,795.0,3154.0,204.0,245.0,2.76
2025-10-14 23:22:04,Run,3083,7.16,152.0,28.0,2685.0,6.28,2.67,63.0,51.0,182.8,198.6,27.7,0.1,83.0,79.0,139.0,549.0,7470.5,2.325,2490.9,6818.0,450.0,239.0,2.782
2025-10-12 13:28:20,Run,13649,42.85,185.0,686.0,13440.0,14.94,3.189,234.0,209.0,177.6,213.2,26.7,0.1,121.0,80.0,171.0,3397.0,43711.0,3.14,150.9,36430.0,2913.0,277.0,3.252
2025-10-11 14:27:28,Run,1730,5.16,160.0,39.0,1721.0,5.94,3.003,28.0,18.0,186.6,197.6,22.0,0.2,104.0,79.0,149.0,411.0,5281.6,2.987,312.2,4530.0,338.0,265.0,3.069
2025-10-07 22:48:41,Run,5033,15.24,173.0,96.0,4789.0,8.44,3.182,83.0,61.0,159.8,187.0,35.0,0.1,87.0,80.0,150.0,1138.0,15622.1,3.028,3999.9,12388.0,1191.0,293.0,3.262
2025-10-04 11:41:21,Run,6009,16.36,149.0,37.0,5633.0,5.4,2.905,94.0,88.0,173.0,190.8,22.0,0.0,84.0,79.0,136.0,1256.0,16684.6,2.723,6657.8,14986.0,1027.0,248.0,2.962
2025-10-03 23:03:05,Run,2869,8.95,164.0,51.0,2859.0,5.34,3.131,43.0,39.0,170.6,183.2,20.9,0.1,107.0,78.0,146.0,671.0,9094.9,3.12,0.0,7436.0,616.0,278.0,3.181
2025-10-01 23:28:52,Run,2888,9.90,182.0,116.0,2877.0,5.16,3.443,44.0,36.0,174.0,188.4,30.0,0.1,99.0,80.0,165.0,758.0,10071.1,3.43,1695.6,7630.0,751.0,306.0,3.501
2025-09-30 23:24:18,Run,3226,8.24,162.0,35.0,2836.0,5.68,2.908,36.0,52.0,179.2,208.2,19.6,-0.2,85.0,79.0,141.0,644.0,8336.7,2.557,2948.3,7514.0,561.0,250.0,2.94
2025-09-27 11:40:03,Run,5740,16.12,171.0,64.0,5440.0,4.7,2.965,78.0,67.0,173.8,187.8,33.3,0.1,84.0,80.0,141.0,1226.0,16446.1,2.81,6261.1,14584.0,1019.0,253.0,3.023
2025-09-24 23:10:08,Run,2408,8.17,181.0,89.0,2408.0,4.94,3.393,44.0,34.0,169.6,189.8,29.2,0.1,114.0,79.0,161.0,618.0,8357.6,3.393,1697.7,6360.0,651.0,312.0,3.471
2025-09-23 23:24:10,Run,3476,8.23,175.0,29.0,2904.0,5.987,2.836,61.0,61.0,180.4,211.4,40.4,-0.1,103.0,79.0,139.0,647.0,8449.7,2.369,2956.9,7732.0,594.0,248.0,2.91
2025-09-19 12:19:15,Run,10505,32.22,183.0,476.0,10096.0,9.18,3.192,229.0,201.0,162.6,196.8,31.9,0.1,119.0,78.0,169.0,2624.0,32972.6,3.068,2504.5,26258.0,2236.0,277.0,3.266
2025-09-18 22:40:47,Run,1984,6.43,176.0,73.0,1942.0,7.2,3.312,31.0,23.0,174.0,185.8,17.6,0.1,108.0,78.0,163.0,506.0,6557.5,3.242,1119.4,5068.0,454.0,287.0,3.377
2025-09-16 23:26:22,Run,3164,8.18,163.0,50.0,2801.0,6.34,2.922,39.0,46.0,178.4,207.2,49.5,-0.1,111.0,78.0,146.0,657.0,8313.2,2.587,2942.1,7366.0,557.0,252.0,2.968
2025-09-13 13:24:33,Run,1424,4.20,177.0,36.0,1377.0,7.46,3.056,94.0,93.0,178.8,197.0,44.9,0.1,123.0,78.0,154.0,334.0,4830.1,2.955,0.0,3618.0,245.0,249.0,3.508
2025-09-13 11:36:45,Run,4632,11.91,165.0,26.0,4117.0,5.68,2.894,119.0,130.0,153.8,192.8,49.0,-0.1,99.0,79.0,134.0,898.0,12662.9,2.573,3912.9,10878.0,748.0,241.0,3.076
2025-09-11 22:40:02,Run,1915,6.71,175.0,59.0,1910.0,7.34,3.517,34.0,32.0,173.8,185.0,16.2,0.0,88.0,79.0,157.0,483.0,6853.5,3.508,1082.2,5002.0,535.0,317.0,3.588
2025-09-09 23:26:51,Run,2968,8.16,170.0,52.0,2656.0,11.81,3.073,48.0,53.0,178.4,200.2,26.4,0.0,82.0,78.0,147.0,644.0,8315.1,2.75,2946.1,6988.0,541.0,256.0,3.131
2025-09-07 23:51:16,Run,1926,5.40,145.0,16.0,1911.0,4.58,2.826,38.0,18.0,163.2,186.2,20.0,0.4,82.0,78.0,138.0,412.0,5534.1,2.804,2204.9,5004.0,331.0,249.0,2.896
2025-09-06 11:35:32,Run,10071,26.76,184.0,210.0,9262.0,5.98,2.89,200.0,176.0,158.2,190.2,50.0,0.1,99.0,79.0,151.0,2177.0,27409.9,2.658,5492.8,24608.0,1751.0,250.0,2.959
2025-09-05 00:13:25,Run,919,2.73,181.0,32.0,919.0,3.8,2.972,10.0,6.0,175.8,184.6,13.7,0.2,82.0,78.0,160.0,220.0,2775.1,2.972,1434.0,2386.0,166.0,255.0,3.02
2025-09-04 22:39:42,Run,2523,8.33,182.0,94.0,2402.0,7.66,3.468,39.0,27.0,165.4,187.4,26.0,0.2,85.0,78.0,164.0,646.0,8540.3,3.302,934.5,6338.0,647.0,304.0,3.555
2025-09-02 22:14:34,Run,1875,5.19,162.0,27.0,1853.0,8.5,2.805,31.0,23.0,4.8,15.2,13.5,0.1,84.0,79.0,144.0,399.0,5290.3,2.772,0.0,4860.0,312.0,245.0,2.855
2025-08-29 12:49:48,Run,4575,14.89,183.0,194.0,4499.0,8.74,3.311,103.0,95.0,169.6,191.0,36.0,0.1,108.0,78.0,166.0,1159.0,15260.7,3.256,2425.7,11714.0,1092.0,293.0,3.392
2025-08-26 23:26:29,Run,3028,7.02,168.0,23.0,2483.0,6.38,2.828,36.0,48.0,176.2,208.2,37.2,-0.2,108.0,77.0,137.0,552.0,7193.2,2.319,2505.7,6450.0,477.0,238.0,2.897
2025-08-24 14:03:14,Run,2849,9.92,181.0,80.0,2834.0,5.58,3.503,70.0,60.0,178.0,193.6,17.6,0.1,114.0,80.0,156.0,713.0,10172.5,3.485,1359.6,7548.0,785.0,315.0,3.589
2025-08-23 11:45:29,Run,7048,19.33,175.0,98.0,6630.0,4.64,2.916,134.0,122.0,174.6,194.0,40.0,0.1,114.0,78.0,144.0,1516.0,19860.3,2.743,8321.4,17138.0,1213.0,249.0,2.996
2025-08-19 23:48:15,Run,1597,5.00,170.0,46.0,1591.0,5.42,3.143,5.0,16.0,173.2,188.8,11.3,-0.2,122.0,82.0,157.0,381.0,5020.4,3.131,0.0,4360.0,317.0,268.0,3.155
2025-08-16 11:37:22,Run,11702,29.00,177.0,226.0,10157.0,21.2,2.856,227.0,225.0,174.2,200.0,46.2,0.0,97.0,79.0,150.0,2326.0,30047.7,2.479,11125.2,26852.0,1824.0,237.0,2.962
2025-08-15 23:45:50,Run,2456,8.04,186.0,110.0,2373.0,11.713,3.391,41.0,47.0,174.8,188.4,29.9,-0.1,110.0,78.0,168.0,628.0,8201.9,3.277,1541.0,6172.0,593.0,295.0,3.456
2025-08-11 23:13:42,Run,3299,8.87,146.0,16.0,3158.0,4.18,2.811,46.0,46.0,172.0,183.4,24.2,0.0,82.0,79.0,134.0,663.0,9041.5,2.691,1801.0,8390.0,527.0,240.0,2.863
2025-08-09 11:35:01,Run,10303,25.76,187.0,304.0,9250.0,5.46,2.785,122.0,114.0,168.0,191.0,41.5,0.0,115.0,82.0,159.0,2217.0,26222.0,2.5,4890.5,25292.0,1566.0,234.0,2.835
2025-08-07 22:44:53,Run,5182,16.10,189.0,243.0,5170.0,4.94,3.115,75.0,104.0,142.2,213.4,35.2,-0.2,123.0,80.0,170.0,1341.0,16417.9,3.107,5451.4,13306.0,1137.0,281.0,3.176
2025-08-05 23:26:47,Run,3232,8.12,161.0,28.0,2705.0,4.28,3.004,41.0,32.0,180.6,193.2,43.2,0.1,116.0,79.0,136.0,625.0,8272.0,2.514,2960.7,7232.0,560.0,250.0,3.058
2025-07-30 23:47:50,Run,3659,12.15,179.0,104.0,3636.0,4.72,3.342,81.0,76.0,171.2,187.0,39.3,0.0,87.0,79.0,156.0,906.0,12498.2,3.321,2323.2,9702.0,920.0,301.0,3.437
2025-07-29 23:26:48,Run,3095,8.06,172.0,67.0,2650.0,5.18,3.042,42.0,52.0,173.4,192.4,30.8,-0.1,84.0,68.0,147.0,676.0,8225.8,2.605,2972.2,7162.0,549.0,253.0,3.104
2025-07-22 23:25:57,Run,3166,8.29,167.0,53.0,2640.0,5.24,3.143,38.0,49.0,161.2,195.8,42.1,-0.1,89.0,65.0,140.0,662.0,8450.2,2.621,3000.1,7018.0,608.0,263.0,3.201
2025-07-13 23:14:33,Run,6305,17.70,158.0,57.0,5845.0,6.56,3.03,79.0,65.0,172.2,187.6,22.6,0.1,111.0,78.0,144.0,1300.0,18006.3,2.809,1829.8,15308.0,1122.0,253.0,3.081
2025-07-10 00:48:46,Run,354,0.89,138.0,1.0,320.0,4.3,2.787,6.0,6.0,182.0,187.6,12.1,0.2,116.0,75.0,125.0,69.0,922.4,2.519,0.0,794.0,41.0,206.0,2.882
2025-07-10 00:02:31,Run,1922,5.63,156.0,14.0,1898.0,3.9,2.967,20.0,20.0,178.2,189.6,15.8,0.0,82.0,79.0,139.0,421.0,5711.9,2.93,1894.1,4992.0,392.0,271.0,3.009
2025-07-08 22:28:57,Run,3739,12.14,182.0,85.0,3713.0,4.64,3.27,48.0,40.0,172.4,186.2,14.3,0.1,111.0,79.0,157.0,923.0,12302.3,3.247,1871.6,9790.0,866.0,289.0,3.313
2025-07-01 22:28:31,Run,3981,12.86,179.0,101.0,3975.0,5.5,3.236,59.0,62.0,176.0,191.4,24.5,0.0,110.0,80.0,158.0,992.0,13036.9,3.232,1870.8,10428.0,923.0,289.0,3.28
2025-06-26 23:28:03,Run,2841,9.08,164.0,56.0,2817.0,5.94,3.223,29.0,30.0,177.8,189.6,19.8,0.0,109.0,80.0,152.0,685.0,9163.2,3.196,2054.7,7522.0,606.0,277.0,3.253
2025-06-25 23:45:07,Run,1264,3.03,149.0,5.0,1073.0,6.24,2.825,14.0,8.0,181.2,188.2,21.1,0.1,89.0,80.0,132.0,241.0,3086.0,2.398,0.0,2838.0,174.0,223.0,2.876
2025-06-24 22:41:27,Run,2504,8.64,182.0,59.0,2450.0,8.6,3.527,25.0,17.0,173.4,186.2,16.2,0.1,90.0,82.0,157.0,625.0,8727.5,3.451,1870.8,6700.0,651.0,306.0,3.562
2025-06-19 23:53:14,Run,2648,9.08,183.0,95.0,2588.0,5.68,3.51,35.0,27.0,170.4,184.8,22.0,0.1,93.0,81.0,166.0,683.0,9211.1,3.431,1873.4,6992.0,706.0,310.0,3.559
2025-06-18 23:49:31,Run,2046,6.57,181.0,41.0,1970.0,8.44,3.335,125.0,117.0,170.8,188.2,46.3,0.2,111.0,80.0,154.0,498.0,7356.0,3.211,1110.4,5272.0,494.0,295.0,3.734
2025-06-17 23:01:26,Run,1970,6.45,189.0,82.0,1871.0,5.54,3.45,12.0,31.0,180.4,203.6,18.6,-0.3,106.0,81.0,171.0,512.0,6487.8,3.277,934.5,5096.0,476.0,295.0,3.468
2025-06-12 22:54:43,Run,1938,6.13,172.0,34.0,1927.0,6.98,3.185,40.0,26.0,172.8,189.2,40.0,0.2,84.0,79.0,145.0,451.0,6290.4,3.167,1123.5,5062.0,416.0,278.0,3.264
2025-06-11 23:36:46,Run,1355,4.21,171.0,42.0,1351.0,4.62,3.117,11.0,8.0,180.0,186.2,7.1,0.0,83.0,80.0,158.0,335.0,4243.6,3.108,0.0,3620.0,266.0,266.0,3.141
2025-06-04 01:21:53,Run,1162,3.22,178.0,38.0,1152.0,4.18,2.798,35.0,27.0,174.8,188.2,42.3,0.3,105.0,79.0,159.0,274.0,3442.9,2.774,941.3,3004.0,185.0,240.0,2.989
2025-06-03 22:52:38,Run,2946,9.70,195.0,164.0,2846.0,6.1,3.411,38.0,44.0,180.0,191.6,20.6,-0.1,120.0,79.0,176.0,791.0,9885.4,3.295,2450.8,7512.0,760.0,305.0,3.473
2025-05-28 01:17:31,Run,2107,5.66,174.0,25.0,2100.0,4.38,2.699,31.0,23.0,172.4,184.4,23.9,0.2,81.0,78.0,142.0,443.0,5798.9,2.69,2008.7,5488.0,328.0,237.0,2.761
2025-05-28 00:11:20,Run,1264,3.34,151.0,12.0,1198.0,5.64,2.794,25.0,11.0,167.8,188.2,23.5,0.3,117.0,80.0,138.0,256.0,3473.0,2.648,934.0,3016.0,235.0,259.0,2.899
2025-05-26 17:23:22,Run,1385,3.37,189.0,18.0,1379.0,3.34,2.446,31.0,27.0,163.6,184.0,27.9,0.2,117.0,77.0,142.0,283.0,3513.0,2.436,0.0,3562.0,180.0,217.0,2.547
2025-05-13 23:24:17,Run,2898,6.96,167.0,27.0,2461.0,5.54,2.83,37.0,30.0,177.6,191.6,46.3,0.1,85.0,79.0,140.0,573.0,7145.5,2.404,2497.5,6560.0,418.0,228.0,2.903
2025-05-07 23:31:19,Run,2510,8.61,179.0,95.0,2510.0,7.16,3.432,92.0,65.0,159.0,188.8,45.4,0.3,86.0,81.0,162.0,652.0,9038.4,3.432,1873.2,6728.0,709.0,319.0,3.601
2025-05-06 23:26:19,Run,3031,7.13,168.0,22.0,2905.0,4.797,2.455,40.0,43.0,181.8,204.4,25.0,-0.1,114.0,78.0,138.0,561.0,7266.5,2.353,2485.1,6502.0,469.0,236.0,2.501
2025-04-29 23:27:35,Run,3297,8.15,168.0,43.0,2799.0,10.4,2.912,48.0,56.0,181.2,213.4,22.2,-0.1,123.0,80.0,143.0,657.0,8325.9,2.472,2947.6,7584.0,605.0,257.0,2.975
2025-04-26 17:24:26,Run,3506,11.29,179.0,123.0,3458.0,11.7,3.266,97.0,96.0,170.8,189.8,22.4,0.0,121.0,83.0,161.0,893.0,11576.4,3.221,2395.6,9554.0,732.0,274.0,3.348
2025-04-22 23:25:52,Run,2916,7.13,151.0,15.0,2553.0,11.243,2.793,31.0,37.0,179.2,196.0,24.1,-0.1,123.0,78.0,133.0,547.0,7256.6,2.445,2491.4,6696.0,425.0,229.0,2.842
2025-04-20 22:51:58,Run,3890,12.83,183.0,111.0,3824.0,10.1,3.356,128.0,62.0,132.2,212.4,45.5,0.5,115.0,80.0,155.0,957.0,13383.8,3.299,2679.5,10314.0,961.0,298.0,3.5
2025-04-17 23:09:47,Run,2537,8.64,184.0,96.0,2519.0,8.04,3.431,70.0,113.0,169.6,221.8,36.6,-0.5,87.0,81.0,163.0,651.0,8919.9,3.407,1592.8,6806.0,716.0,319.0,3.541
2025-04-15 23:28:52,Run,2911,8.25,159.0,45.0,2683.0,5.82,3.078,54.0,33.0,169.2,195.6,33.3,0.2,108.0,81.0,145.0,631.0,8435.3,2.837,2940.8,7370.0,568.0,265.0,3.144
2025-04-08 23:28:52,Run,2862,8.16,157.0,37.0,2728.0,11.08,2.992,56.0,49.0,178.8,206.4,47.6,0.1,118.0,80.0,142.0,617.0,8331.9,2.852,2949.8,7320.0,546.0,262.0,3.054
2025-04-05 12:04:21,Run,5959,21.19,188.0,221.0,5919.0,5.4,3.581,81.0,72.0,171.0,185.0,18.0,0.0,90.0,84.0,163.0,1570.0,21458.3,3.557,1356.5,16636.0,1706.0,321.0,3.625
2025-04-02 23:01:06,Run,4050,12.84,172.0,115.0,4009.0,7.72,3.203,109.0,101.0,178.4,188.6,33.3,0.0,113.0,81.0,157.0,979.0,13306.8,3.17,929.3,10430.0,973.0,294.0,3.319
2025-04-01 23:26:46,Run,2947,7.24,154.0,21.0,2451.0,14.98,2.954,55.0,61.0,176.0,210.6,26.3,0.0,102.0,80.0,137.0,567.0,7448.9,2.456,0.0,6664.0,519.0,252.0,3.039
2025-03-25 23:24:34,Run,3073,7.05,148.0,13.0,2579.0,8.42,2.735,56.0,38.0,170.8,205.4,50.0,0.3,103.0,79.0,130.0,538.0,7254.6,2.295,0.0,6788.0,470.0,235.0,2.813
2025-03-23 13:32:28,Run,2052,8.23,163.0,37.0,2017.0,12.7,4.082,44.0,29.0,183.4,209.0,10.9,0.2,91.0,84.0,146.0,492.0,8345.3,4.013,0.0,5748.0,627.0,332.0,4.137
2025-03-20 22:14:07,Run,2514,8.39,186.0,91.0,2504.0,5.94,3.354,58.0,42.0,160.6,194.4,18.0,0.2,113.0,82.0,162.0,640.0,8541.3,3.34,0.0,6880.0,654.0,306.0,3.411
2025-03-18 23:28:39,Run,3104,8.05,171.0,49.0,2835.0,11.06,2.84,26.0,37.0,180.8,201.4,33.3,-0.1,118.0,79.0,145.0,655.0,8147.4,2.594,0.0,7506.0,512.0,244.0,2.874
2025-03-11 23:29:01,Run,2743,6.93,163.0,21.0,2489.0,5.24,2.785,60.0,49.0,170.6,196.8,39.4,0.2,90.0,80.0,137.0,544.0,7166.2,2.527,0.0,6738.0,475.0,250.0,2.879
2025-03-08 20:11:24,Run,11150,28.99,191.0,260.0,10044.0,5.62,2.887,230.0,223.0,167.2,195.8,46.9,0.0,113.0,79.0,152.0,2318.0,29861.0,2.6,0.0,26616.0,1999.0,254.0,2.973
2025-03-04 23:45:04,Run,3193,10.31,182.0,98.0,3080.0,6.06,3.349,67.0,39.0,156.8,189.2,46.7,0.3,118.0,80.0,158.0,792.0,10596.3,3.231,0.0,8236.0,803.0,301.0,3.44
2025-02-25 23:24:38,Run,3595,11.50,188.0,119.0,3547.0,4.84,3.244,72.0,37.0,148.8,185.8,37.5,0.3,92.0,81.0,159.0,884.0,11788.6,3.2,0.0,9618.0,828.0,288.0,3.324
2025-02-21 01:24:22,Run,3037,8.85,178.0,53.0,2960.0,4.2,2.99,49.0,44.0,179.2,196.6,26.0,0.0,84.0,79.0,145.0,670.0,9010.6,2.915,0.0,7664.0,634.0,274.0,3.044
2025-02-19 00:29:38,Run,2636,8.35,182.0,77.0,2558.0,8.66,3.268,77.0,45.0,145.6,192.8,49.2,0.4,112.0,82.0,156.0,649.0,8574.6,3.171,0.0,6906.0,649.0,298.0,3.352
2025-02-12 00:28:45,Run,2255,5.67,181.0,101.0,2080.0,6.78,2.729,88.0,55.0,147.6,198.4,38.5,0.7,92.0,79.0,169.0,548.0,6057.1,2.517,0.0,5562.0,450.0,268.0,2.912
2025-02-08 17:21:12,Run,4552,13.54,179.0,134.0,4505.0,8.16,3.007,80.0,77.0,172.6,185.6,15.2,0.0,86.0,80.0,156.0,1059.0,13742.8,2.976,0.0,12094.0,881.0,264.0,3.051
2025-02-07 00:58:14,Run,3781,9.98,160.0,39.0,3603.0,5.2,2.771,112.0,103.0,170.0,190.0,45.7,0.1,112.0,77.0,138.0,756.0,10516.3,2.641,4.0,9280.0,641.0,247.0,2.919
2025-02-05 00:27:49,Run,2755,8.25,161.0,49.0,2626.0,6.62,3.141,92.0,55.0,148.2,193.4,48.6,0.4,99.0,81.0,146.0,628.0,8548.9,2.994,0.0,7108.0,617.0,284.0,3.255
2025-01-29 00:26:03,Run,3093,8.11,169.0,66.0,2769.0,4.5,2.929,47.0,62.0,180.0,219.6,49.3,-0.2,89.0,80.0,151.0,671.0,8266.7,2.623,0.0,7448.0,525.0,247.0,2.985
2025-01-23 00:03:42,Run,3006,8.06,172.0,54.0,2702.0,7.44,2.986,76.0,83.0,6.4,38.4,18.7,-0.1,120.0,80.0,148.0,674.0,8280.8,2.684,0.0,7238.0,508.0,247.0,3.065
2025-01-19 01:34:04,Run,833,0.55,169.0,2.0,425.0,7.78,1.296,21.0,11.0,186.2,199.2,41.2,1.6,113.0,70.0,132.0,84.0,643.9,0.661,0.0,718.0,17.0,108.0,1.515
2025-01-17 00:05:48,Run,2738,8.97,173.0,74.0,2698.0,6.46,3.326,60.0,34.0,157.6,187.8,22.5,0.3,114.0,82.0,155.0,680.0,9157.1,3.278,0.0,7392.0,657.0,294.0,3.394
2025-01-15 00:29:39,Run,2703,8.05,168.0,59.0,2609.0,7.76,3.087,122.0,77.0,139.6,204.8,49.1,0.6,89.0,82.0,150.0,628.0,8496.5,2.98,0.0,7164.0,703.0,306.0,3.257
2025-01-10 00:49:41,Run,2782,8.79,184.0,80.0,2738.0,5.68,3.211,103.0,61.0,143.2,191.4,37.6,0.5,114.0,82.0,155.0,682.0,9169.8,3.161,0.0,7490.0,672.0,295.0,3.349
2024-12-26 23:02:55,Run,2519,8.06,173.0,62.0,2495.0,14.56,3.233,47.0,23.0,149.8,185.8,49.5,0.3,85.0,82.0,151.0,608.0,8223.5,3.202,0.0,6784.0,597.0,292.0,3.296
2024-12-25 22:04:34,Run,2841,8.81,182.0,74.0,2796.0,7.1,3.153,55.0,26.0,147.0,183.6,20.0,0.3,116.0,81.0,153.0,684.0,8996.3,3.103,0.0,7538.0,623.0,281.0,3.218
2024-12-24 18:50:11,Run,2448,8.06,187.0,79.0,2430.0,6.84,3.317,68.0,33.0,141.8,183.0,49.3,0.4,88.0,83.0,157.0,607.0,8277.5,3.293,0.0,6662.0,605.0,298.0,3.406
2024-12-11 00:24:40,Run,3064,8.30,169.0,62.0,2703.0,7.04,3.073,99.0,108.0,174.6,224.4,28.0,-0.1,86.0,81.0,150.0,656.0,8619.6,2.711,0.0,7138.0,676.0,282.0,3.189
2024-12-10 00:34:35,Run,2540,8.67,179.0,83.0,2520.0,6.105,3.443,67.0,35.0,155.0,188.6,46.0,0.4,85.0,81.0,160.0,655.0,8896.6,3.416,0.0,6814.0,681.0,311.0,3.53
2024-11-26 22:48:33,Run,2611,8.46,174.0,67.0,2576.0,5.14,3.286,48.0,39.0,172.2,190.0,10.4,0.1,88.0,82.0,154.0,641.0,8601.5,3.242,0.0,7044.0,606.0,289.0,3.339
2024-11-16 12:00:54,Run,13264,42.50,179.0,451.0,12990.0,4.94,3.272,321.0,343.0,22.6,89.2,27.2,-0.1,119.0,81.0,161.0,3184.0,43204.0,3.204,6168.3,35148.0,3146.0,292.0,3.326
2024-11-15 22:53:59,Run,641,1.63,152.0,6.0,611.0,4.36,2.668,80.0,8.0,87.0,159.0,44.4,4.4,84.0,79.0,137.0,137.0,1980.2,2.543,0.0,1604.0,151.0,292.0,3.241
2024-11-13 22:58:59,Run,1558,5.01,181.0,57.0,1552.0,5.8,3.229,51.0,16.0,-27.4,6.6,17.7,0.7,87.0,82.0,162.0,396.0,5180.7,3.217,85.2,4230.0,372.0,293.0,3.338
2024-11-13 00:28:30,Run,3180,8.24,175.0,55.0,2950.0,6.58,2.795,98.0,61.0,136.8,189.0,43.7,0.5,115.0,79.0,149.0,672.0,8631.0,2.593,0.0,7816.0,547.0,249.0,2.926
2024-11-10 16:02:44,Run,5891,16.12,179.0,140.0,5437.0,5.14,2.966,172.0,169.0,13.6,41.4,36.5,0.0,120.0,79.0,154.0,1314.0,16826.1,2.738,1970.5,14526.0,1121.0,262.0,3.095
2024-11-06 23:57:28,Run,1823,6.32,184.0,60.0,1823.0,5.78,3.47,39.0,24.0,162.4,184.0,21.3,0.2,99.0,81.0,158.0,461.0,6458.7,3.47,0.0,4952.0,502.0,315.0,3.543
2024-11-06 00:29:07,Run,2578,8.10,164.0,58.0,2504.0,7.24,3.237,67.0,46.0,157.2,183.4,35.0,0.3,114.0,81.0,151.0,620.0,8317.9,3.144,0.0,6748.0,615.0,293.0,3.322
2024-11-03 13:35:02,Run,3125,9.92,131.0,6.0,3071.0,15.96,3.23,80.0,85.0,187.6,223.2,15.8,-0.1,117.0,82.0,94.0,542.0,10138.9,3.175,0.0,8528.0,696.0,283.0,3.301
2024-11-02 14:22:26,Run,6652,20.94,182.0,237.0,6232.0,8.72,3.361,152.0,153.0,159.8,201.8,38.2,0.0,106.0,80.0,163.0,1602.0,21400.5,3.148,0.0,16724.0,1606.0,295.0,3.434
2024-10-30 23:10:28,Run,3474,12.02,186.0,134.0,3471.0,5.26,3.464,76.0,66.0,165.8,185.0,17.9,0.1,118.0,80.0,162.0,891.0,12287.3,3.461,0.0,9282.0,970.0,317.0,3.54
2024-10-29 23:27:13,Run,3398,8.04,164.0,26.0,3052.0,6.92,2.634,54.0,77.0,167.8,205.2,49.1,-0.3,87.0,78.0,135.0,628.0,8226.0,2.366,0.0,8070.0,494.0,229.0,2.695
2024-10-26 14:36:16,Run,7908,25.76,180.0,278.0,7826.0,5.682,3.292,369.0,287.0,90.4,205.6,40.1,0.3,87.0,80.0,161.0,1945.0,26647.0,3.258,0.0,21004.0,2040.0,305.0,3.405
2024-10-24 23:38:07,Run,3642,11.95,170.0,60.0,3587.0,5.7,3.333,68.0,99.0,178.6,212.4,19.0,-0.3,110.0,80.0,144.0,830.0,12171.2,3.283,0.0,9468.0,979.0,311.0,3.393
2024-10-22 23:28:23,Run,3328,8.24,171.0,25.0,3166.0,6.388,2.603,47.0,50.0,177.8,202.4,24.1,-0.1,88.0,78.0,135.0,627.0,8414.3,2.476,0.0,8028.0,498.0,232.0,2.658
2024-10-19 14:50:51,Run,8813,28.99,198.0,461.0,8709.0,7.674,3.329,248.0,241.0,172.0,202.6,28.8,0.0,87.0,80.0,172.0,2335.0,29635.5,3.29,0.0,23170.0,2172.0,298.0,3.403
2024-10-16 22:49:36,Run,3787,12.83,183.0,128.0,3776.0,6.584,3.398,110.0,51.0,121.2,184.0,21.2,0.5,101.0,80.0,159.0,968.0,13193.2,3.388,0.0,10012.0,952.0,301.0,3.494
2024-10-15 23:28:34,Run,2512,8.18,168.0,32.0,2494.0,5.796,3.281,80.0,58.0,160.0,209.0,34.6,0.3,118.0,81.0,141.0,580.0,8537.0,3.257,0.0,6690.0,,,3.423
2024-10-12 15:27:26,Run,8081,25.76,182.0,256.0,7985.0,6.418,3.226,241.0,225.0,159.2,190.6,27.1,0.1,108.0,80.0,158.0,1980.0,26467.4,3.188,0.0,21378.0,,,3.315
2024-10-10 22:55:18,Run,2915,8.87,165.0,61.0,2838.0,5.456,3.127,57.0,33.0,158.8,190.6,26.9,0.3,87.0,79.0,146.0,672.0,9080.4,3.045,0.0,7502.0,,,3.2
2024-10-09 23:23:50,Run,4872,15.85,180.0,106.0,4864.0,5.388,3.259,72.0,69.0,172.4,190.8,21.3,0.0,114.0,81.0,150.0,1168.0,16031.1,3.254,0.0,13068.0,,,3.296
2024-10-08 23:23:27,Run,3332,6.99,154.0,30.0,2629.0,5.876,2.66,38.0,57.0,175.6,225.6,37.7,-0.3,84.0,80.0,142.0,538.0,7074.8,2.099,0.0,6170.0,,,2.691
2024-10-05 15:28:29,Run,7603,22.56,162.0,170.0,7462.0,9.24,3.024,248.0,234.0,174.8,203.4,48.3,0.1,83.0,79.0,149.0,1695.0,23294.9,2.968,0.0,19718.0,,,3.122
2024-10-02 23:40:14,Run,4728,14.87,171.0,102.0,4593.0,6.636,3.237,58.0,51.0,179.2,195.4,21.7,0.0,113.0,81.0,151.0,1096.0,15022.8,3.145,353.2,12116.0,,,3.271
2024-09-28 11:37:22,Run,8042,22.54,187.0,91.0,7463.0,4.736,3.021,79.0,74.0,175.8,195.0,18.8,0.0,86.0,82.0,142.0,1761.0,22845.5,2.803,5771.0,20576.0,,,3.061
2024-09-25 23:54:36,Run,3696,12.85,174.0,117.0,3687.0,6.3,3.487,17.0,32.0,178.8,197.6,15.1,-0.1,87.0,81.0,159.0,929.0,12886.3,3.478,21.2,9922.0,,,3.495
2024-09-23 23:39:41,Run,3503,11.48,173.0,84.0,3434.0,4.434,3.344,39.0,35.0,178.8,192.0,8.3,0.0,86.0,82.0,152.0,845.0,11589.4,3.278,0.0,9326.0,,,3.375
2024-09-21 12:05:34,Run,10483,32.21,182.0,359.0,10172.0,7.226,3.167,81.0,86.0,178.6,194.6,48.8,0.0,116.0,82.0,161.0,2519.0,32422.8,3.073,2664.8,27792.0,,,3.187
2024-09-19 23:44:06,Run,1927,6.35,173.0,57.0,1847.0,7.434,3.438,15.0,7.0,174.0,183.4,14.2,0.1,86.0,83.0,157.0,474.0,6422.5,3.295,0.0,5094.0,,,3.477
2024-09-18 23:40:45,Run,3736,12.95,177.0,146.0,3685.0,5.418,3.516,23.0,28.0,181.4,193.4,7.9,0.0,86.0,82.0,164.0,967.0,13004.5,3.468,0.0,10038.0,,,3.529
2024-09-16 23:34:38,Run,1733,5.49,167.0,42.0,1694.0,4.458,3.246,19.0,15.0,180.4,189.8,8.3,0.1,88.0,82.0,152.0,420.0,5546.6,3.173,0.0,4630.0,,,3.274
2024-09-16 23:32:17,Run,3768,11.47,,,3722.0,4.124,3.083,10.6,10.3,180.7,186.0,3.8,0.0,,,,,11493.0,3.045,0.0,,,,3.088
2024-09-15 11:47:24,Run,6351,19.32,177.0,191.0,6181.0,6.518,3.126,57.0,54.0,173.2,191.2,37.4,0.0,118.0,82.0,157.0,1503.0,19453.4,3.043,0.0,16958.0,,,3.147
2024-09-13 00:47:04,Run,833,2.73,189.0,50.0,833.0,5.674,3.278,9.0,4.0,180.4,187.0,11.5,0.2,87.0,85.0,176.0,223.0,2756.9,3.278,0.0,2336.0,,,3.31
2024-09-12 23:25:59,Run,1729,5.85,177.0,69.0,1726.0,8.646,3.389,7.0,13.0,173.2,181.0,8.1,-0.1,87.0,83.0,164.0,443.0,5861.3,3.383,0.0,4802.0,,,3.396
2024-09-11 23:48:58,Run,2607,7.98,174.0,82.0,2457.0,8.472,3.25,34.0,33.0,175.8,189.8,30.5,0.0,106.0,83.0,161.0,625.0,8093.4,3.063,0.0,6912.0,,,3.294
2024-09-10 23:23:51,Run,3556,8.68,165.0,55.0,2848.0,15.138,3.048,14.0,19.0,176.6,188.0,32.2,0.0,84.0,80.0,146.0,691.0,8744.8,2.441,0.0,7776.0,,,3.071
2024-09-07 11:37:16,Run,10826,29.40,169.0,178.0,9785.0,5.086,3.005,110.0,106.0,180.2,194.4,44.4,0.0,88.0,83.0,146.0,2264.0,29745.4,2.716,5585.1,27238.0,,,3.04
2024-09-05 23:42:03,Run,2348,7.92,183.0,109.0,2323.0,11.916,3.41,16.0,12.0,176.4,187.4,10.9,0.0,87.0,83.0,168.0,611.0,7970.5,3.374,0.0,6456.0,,,3.431
2024-09-04 23:45:34,Run,3151,10.51,178.0,126.0,3151.0,5.44,3.338,16.0,17.0,179.8,189.2,8.9,0.0,84.0,80.0,165.0,809.0,10570.3,3.338,167.7,8458.0,,,3.355
2024-09-03 23:26:39,Run,3128,8.06,166.0,31.0,2788.0,5.842,2.893,17.0,22.0,178.0,194.2,19.5,-0.1,118.0,79.0,140.0,605.0,8124.5,2.579,0.0,7108.0,,,2.914
2024-08-31 11:41:50,Run,12102,32.94,186.0,374.0,12094.0,7.362,2.724,103.0,100.0,175.0,190.8,46.5,0.0,123.0,81.0,159.0,2707.0,33206.0,2.722,6536.7,30192.0,,,2.746
2024-08-30 01:08:12,Run,1592,5.29,183.0,77.0,1592.0,5.156,3.325,14.0,9.0,177.0,183.6,11.2,0.1,86.0,79.0,169.0,411.0,5333.3,3.325,0.0,4190.0,,,3.35
2024-08-30 00:04:00,Run,1040,3.38,178.0,28.0,1021.0,7.466,3.317,7.0,14.0,173.6,186.6,9.3,-0.2,86.0,80.0,156.0,248.0,3398.4,3.256,0.0,2538.0,,,3.329
2024-08-24 11:40:01,Run,7105,19.29,169.0,169.0,7098.0,5.828,2.718,53.0,53.0,176.0,189.4,9.5,0.0,87.0,81.0,153.0,1546.0,19430.3,2.715,6492.4,17364.0,,,2.737
2024-08-22 23:04:53,Run,4058,12.88,181.0,167.0,4030.0,5.454,3.198,43.0,39.0,178.4,191.8,10.7,0.0,84.0,79.0,165.0,1022.0,13005.9,3.176,0.0,10680.0,,,3.227
2024-08-21 23:37:37,Run,2220,5.00,158.0,14.0,1833.0,4.686,2.732,22.0,12.0,182.6,192.0,18.0,0.2,106.0,78.0,133.0,416.0,5089.2,2.256,17.1,4872.0,,,2.776
2024-08-19 11:35:45,Run,3196,7.80,167.0,16.0,2916.0,4.004,2.675,24.0,22.0,176.4,189.0,22.8,0.0,82.0,79.0,134.0,591.0,7894.1,2.441,4.2,7586.0,,,2.707
2024-08-15 23:36:07,Run,2784,8.84,182.0,119.0,2748.0,8.808,3.219,24.0,22.0,183.2,189.2,25.4,0.0,83.0,79.0,166.0,700.0,8920.5,3.177,0.0,7224.0,,,3.246
2024-08-14 23:48:15,Run,3276,10.33,180.0,148.0,3240.0,9.418,3.19,37.0,36.0,179.8,191.6,34.0,0.0,109.0,78.0,168.0,823.0,10462.3,3.155,0.0,8464.0,,,3.229
2024-08-13 23:24:29,Run,3594,8.14,158.0,45.0,2915.0,6.804,2.795,12.0,24.0,178.4,199.6,16.6,-0.1,114.0,79.0,144.0,630.0,8179.5,2.267,0.0,7442.0,,,2.806
2024-08-08 23:20:54,Run,3438,11.27,180.0,149.0,3396.0,5.07,3.32,26.0,27.0,185.6,197.6,11.3,0.0,116.0,78.0,166.0,866.0,11329.0,3.279,0.0,8864.0,,,3.336
2024-08-06 23:27:47,Run,2627,7.13,184.0,93.0,2161.0,4.938,3.299,50.0,59.0,177.0,196.4,30.5,-0.2,85.0,79.0,167.0,557.0,7355.8,2.714,0.0,5568.0,,,3.404
2024-07-31 23:39:16,Run,1365,3.86,168.0,39.0,1365.0,3.176,2.833,7.0,9.0,186.0,192.4,5.7,0.0,83.0,80.0,156.0,319.0,3878.2,2.833,6.2,3626.0,,,2.841
2024-07-30 23:21:08,Run,3744,8.13,187.0,92.0,3461.0,6.372,2.351,16.0,28.0,178.8,200.6,16.2,-0.2,82.0,78.0,159.0,717.0,8170.1,2.173,0.0,7706.0,,,2.361
2024-07-02 23:30:10,Run,2999,8.11,173.0,61.0,2647.0,5.982,3.067,26.0,25.0,177.6,186.2,18.8,0.0,84.0,79.0,150.0,645.0,8262.4,2.707,0.0,7058.0,,,3.121
2024-06-28 11:38:53,Run,3032,8.36,163.0,71.0,2942.0,3.396,2.843,20.0,13.0,177.0,188.8,12.7,0.1,82.0,79.0,151.0,672.0,8434.7,2.759,0.0,7704.0,,,2.867
2024-06-22 13:50:13,Run,3050,9.68,174.0,108.0,3019.0,5.052,3.207,45.0,42.0,179.4,191.8,19.2,0.0,83.0,79.0,162.0,744.0,9855.1,3.175,0.0,7926.0,,,3.264
2024-06-19 22:39:26,Run,3167,9.80,186.0,166.0,3164.0,4.886,3.099,17.0,19.0,178.8,187.6,8.0,0.0,117.0,77.0,173.0,797.0,9856.4,3.096,0.0,8166.0,,,3.115
2024-06-17 23:09:33,Run,3712,11.31,195.0,221.0,3585.0,8.906,3.157,28.0,32.0,125.6,190.8,41.3,0.0,115.0,76.0,179.0,992.0,11434.2,3.049,0.0,9160.0,,,3.189
2024-06-11 23:23:55,Run,3420,8.09,166.0,52.0,2759.0,13.449,2.932,21.0,21.0,181.0,201.6,13.8,-0.1,120.0,80.0,148.0,615.0,8156.3,2.365,0.0,7206.0,,,2.956
2024-06-06 23:32:03,Run,2283,7.34,170.0,69.0,2259.0,4.828,3.25,30.0,29.0,179.2,188.4,14.8,0.0,83.0,79.0,158.0,558.0,7479.7,3.216,0.0,5948.0,,,3.311
2024-06-04 23:25:16,Run,3225,8.05,175.0,76.0,2784.0,7.958,2.894,17.0,28.0,179.2,194.6,19.3,-0.1,83.0,78.0,154.0,690.0,8146.8,2.498,0.0,7444.0,525.0,242.0,2.926
2024-06-03 23:46:38,Run,3596,11.70,184.0,186.0,3558.0,5.198,3.289,23.0,26.0,182.4,193.8,9.6,0.0,82.0,78.0,171.0,924.0,11756.1,3.254,0.0,9182.0,823.0,287.0,3.304
2024-05-28 23:28:49,Run,3146,7.34,171.0,43.0,2572.0,5.924,2.856,38.0,26.0,170.8,215.8,13.5,-0.4,110.0,79.0,146.0,567.0,7481.7,2.335,0.0,6678.0,484.0,250.0,2.909
2024-05-14 22:27:17,Run,2440,8.12,176.0,98.0,2437.0,6.502,3.333,42.0,26.0,177.4,195.4,19.4,0.2,116.0,78.0,164.0,608.0,8307.8,3.329,0.0,6342.0,614.0,301.0,3.409
2024-05-07 22:38:58,Run,2607,8.22,186.0,124.0,2434.0,5.722,3.377,19.0,16.0,177.2,182.6,19.6,0.0,85.0,78.0,172.0,634.0,8284.7,3.153,0.0,6132.0,635.0,296.0,3.404
2024-04-27 14:37:13,Run,2239,6.97,173.0,74.0,2164.0,8.54,3.225,50.0,60.0,17.4,57.6,15.9,0.0,85.0,81.0,161.0,548.0,7057.3,3.117,0.0,5844.0,476.0,277.0,3.261
2024-04-27 14:18:59,Run,3324,10.13,,,3187.0,6.0,3.18,61.2,706.0,12.4,53.2,20.4,0.0,,,,,10222.5,3.049,0.0,,,,3.208
2024-04-23 22:15:38,Run,2716,8.78,176.0,106.0,2657.0,4.858,3.306,34.0,30.0,177.8,188.4,15.9,0.0,83.0,78.0,164.0,666.0,8919.7,3.234,0.0,6926.0,639.0,291.0,3.357
2024-04-18 22:22:39,Run,2431,8.05,185.0,86.0,2423.0,6.328,3.325,21.0,17.0,188.0,198.8,20.4,0.0,108.0,80.0,161.0,600.0,8125.6,3.314,0.0,6460.0,563.0,289.0,3.354
2024-04-16 21:41:11,Run,3475,11.56,179.0,108.0,3469.0,5.684,3.334,33.0,34.0,170.0,182.2,21.6,0.0,114.0,79.0,159.0,841.0,11669.5,3.328,0.0,8922.0,891.0,304.0,3.364
2024-04-13 18:19:45,Run,1668,5.19,189.0,46.0,1068.0,7.32,4.861,14.0,16.0,174.6,184.0,35.1,0.1,89.0,80.0,158.0,280.0,5249.2,3.112,0.0,2746.0,296.0,277.0,4.915
2024-04-09 23:28:48,Run,2952,6.87,155.0,24.0,2546.0,9.706,2.698,11.0,28.0,181.8,202.2,20.3,-0.2,115.0,79.0,137.0,516.0,6900.6,2.327,0.0,6468.0,390.0,226.0,2.71
2024-04-02 23:25:34,Run,2969,8.16,177.0,101.0,2690.0,6.52,3.036,24.0,52.0,181.0,215.6,27.0,-0.4,115.0,81.0,164.0,632.0,8233.0,2.751,0.0,6994.0,,,
2024-03-26 23:26:31,Run,2777,7.05,166.0,47.0,2423.0,5.756,2.91,51.0,51.0,176.6,187.6,40.7,0.0,121.0,81.0,147.0,556.0,7299.4,2.539,0.0,6528.0,,,
2024-03-24 13:39:06,Run,2120,8.14,190.0,99.0,2109.0,6.886,3.861,38.0,24.0,180.2,200.8,9.3,0.2,93.0,83.0,168.0,554.0,8234.3,3.841,0.0,5848.0,,,
2024-03-12 23:37:56,Run,2376,6.92,,,2368.0,4.572,2.926,26.0,29.0,176.0,183.4,28.7,0.0,,,,,7429.5,2.916,0.0,,,,
2024-03-12 23:27:50,Run,3024,8.01,176.0,83.0,2678.0,10.076,2.991,20.0,18.0,177.2,184.0,21.5,0.0,87.0,78.0,158.0,619.0,8089.3,2.649,0.0,6938.0,,,
2024-03-06 00:28:47,Run,3076,8.05,170.0,62.0,2849.0,4.364,2.826,30.0,30.0,177.2,184.6,22.2,0.0,86.0,79.0,149.0,628.0,8192.9,2.618,0.0,7302.0,,,
2024-02-21 00:30:06,Run,2197,4.79,159.0,19.0,1907.0,3.734,2.516,14.0,11.0,181.0,187.4,16.5,0.0,84.0,78.0,138.0,398.0,4848.6,2.184,0.0,4936.0,,,
2024-02-19 23:54:27,Run,3648,11.54,177.0,64.0,3645.0,4.584,3.168,20.0,16.0,175.4,183.6,21.1,0.0,83.0,77.0,143.0,800.0,11608.9,3.165,0.0,9222.0,,,
2024-02-14 00:27:56,Run,2801,5.86,160.0,33.0,2219.0,7.846,2.643,11.0,22.0,180.8,199.8,17.3,-0.2,82.0,79.0,144.0,454.0,5870.7,2.094,0.0,5770.0,,,
2024-02-03 05:03:09,Run,2582,8.19,184.0,110.0,2582.0,3.712,3.173,0.0,0.0,0.0,0.0,0.0,0.0,82.0,78.0,164.0,631.0,8196.6,3.173,0.0,6634.0,,,
2024-01-13 17:54:45,Run,3790,11.60,188.0,197.0,3783.0,4.682,3.066,43.0,40.0,167.6,178.6,20.1,0.0,87.0,78.0,172.0,932.0,11810.6,3.061,0.0,9486.0,,,
2023-12-13 00:17:49,Run,2917,8.94,179.0,90.0,2912.0,8.736,3.071,18.0,16.0,175.0,182.0,40.8,0.0,83.0,78.0,158.0,665.0,8997.7,3.065,0.0,7506.0,,,
2023-12-06 00:31:38,Run,2714,8.35,184.0,69.0,2534.0,5.972,3.298,19.0,24.0,178.6,190.4,23.6,-0.1,123.0,78.0,155.0,610.0,8426.8,3.079,0.0,6604.0,,,
2023-11-10 11:36:33,Run,2335,6.16,,,2184.0,5.043,2.824,63.0,59.3,82.3,115.6,18.7,0.1,,,,,6286.9,2.641,2855.0,,,,
2022-09-16 20:23:39,Run,1858,5.18,166.0,35.0,1678.0,3.522,3.088,19.9,19.8,10.1,24.9,35.7,0.0,,,150.0,386.0,5207.3,2.789,1329.7,,,,
2022-09-15 00:07:37,Run,1695,4.96,175.0,49.0,1391.0,4.616,3.568,0.0,0.0,179.0,179.4,1.9,0.0,,,161.0,370.0,4963.7,2.928,0.0,,,,
2022-09-13 23:28:13,Run,2183,4.07,162.0,20.0,1415.0,3.734,2.882,6.1,7.6,177.4,182.7,20.1,0.0,,,141.0,286.0,4096.9,1.868,0.0,,,,
2022-09-10 11:13:44,Run,13174,32.21,186.0,379.0,11280.0,3.62,2.856,32.1,35.7,176.3,184.9,20.6,0.0,,,159.0,2865.0,32280.6,2.445,12569.5,,,,
2022-09-07 23:37:33,Run,4153,11.26,189.0,138.0,3268.0,4.218,3.447,12.4,14.2,177.7,183.1,21.3,0.0,,,166.0,795.0,11293.0,2.713,1466.8,,,,
2022-09-01 00:12:06,Run,2648,8.11,188.0,74.0,2350.0,4.598,3.453,11.2,7.0,177.7,183.1,11.8,0.1,,,159.0,568.0,8133.6,3.065,0.0,,,,
2022-08-30 23:20:52,Run,3680,8.46,166.0,60.0,2794.0,3.84,3.03,15.0,13.9,177.4,183.4,19.0,0.0,,,149.0,618.0,8504.7,2.301,0.0,,,,
2022-08-27 11:17:24,Run,13450,33.53,182.0,344.0,11569.0,5.96,2.899,30.4,32.3,176.3,184.8,50.0,0.0,,,156.0,2804.0,33602.7,2.493,13318.6,,,,
2022-08-25 00:10:00,Run,3430,10.31,186.0,148.0,3189.0,4.276,3.235,24.3,24.3,176.3,183.9,31.3,0.0,,,168.0,823.0,10362.4,3.008,3845.8,,,,
2022-08-23 23:41:00,Run,2290,6.99,174.0,70.0,2256.0,3.588,3.101,14.6,12.8,177.4,183.5,18.2,0.0,,,159.0,518.0,7036.8,3.055,0.0,,,,
2022-08-23 23:26:19,Run,391,1.11,167.0,6.0,325.0,6.112,3.438,0.0,0.4,180.4,182.6,3.1,0.0,,,147.0,64.0,1119.3,2.858,0.0,,,,
2022-08-20 11:38:32,Run,10594,26.60,172.0,146.0,9860.0,4.774,2.698,26.2,27.1,176.3,184.0,21.1,0.0,,,143.0,2134.0,26673.1,2.512,7610.6,,,,
2022-08-17 23:21:10,Run,4740,8.90,180.0,82.0,2603.0,5.038,3.421,3.1,7.1,176.3,183.1,10.3,0.0,,,155.0,660.0,8908.4,1.879,961.5,,,,
2022-08-16 23:24:06,Run,3461,8.38,,,2693.0,5.163,3.114,15.1,13.8,177.4,183.6,24.5,0.0,,,,,8428.8,2.423,0.0,,,,
2022-08-13 11:40:46,Run,6374,16.04,,,5891.0,3.967,2.723,12.4,12.8,176.3,181.7,4.3,0.0,,,,,16063.1,2.517,6881.0,,,,
2022-08-10 23:52:56,Run,7218,14.80,,,4724.0,5.521,3.133,3.0,1.5,176.3,179.4,6.1,0.0,,,,,14814.8,2.051,42.1,,,,
